{
    "type": "autogalaxy.plane.plane.Plane",
    "galaxies": [
        {
            "gaussian_0": {
                "type": "autogalaxy.profiles.light.standard.gaussian.Gaussian",
                "centre": [
                    -0.00361289,
                    -0.00636064
                ],
                "ell_comps": [
                    0.05843285,
                    0.05932136
                ],
                "intensity": 0.52107394,
                "sigma": 0.01607907
            },
            "gaussian_1": {
                "type": "autogalaxy.profiles.light.standard.gaussian.Gaussian",
                "centre": [
                    -0.00361289,
                    -0.00636064
                ],
                "ell_comps": [
                    0.0,
                    0.0
                ],
                "intensity": 4.2933716,
                "sigma": 0.04039063
            },
            "gaussian_2": {
                "type": "autogalaxy.profiles.light.standard.gaussian.Gaussian",
                "centre": [
                    -0.00361289,
                    -0.00636064
                ],
                "ell_comps": [
                    0.05368621,
                    0.04267542
                ],
                "intensity": 2.40608609,
                "sigma": 0.06734373
            },
            "gaussian_3": {
                "type": "autogalaxy.profiles.light.standard.gaussian.Gaussian",
                "centre": [
                    -0.00361289,
                    -0.00636064
                ],
                "ell_comps": [
                    0.05090395,
                    -0.06920487
                ],
                "intensity": 4.98902608,
                "sigma": 0.08471335
            },
            "gaussian_4": {
                "type": "autogalaxy.profiles.light.standard.gaussian.Gaussian",
                "centre": [
                    -0.00361289,
                    -0.00636064
                ],
                "ell_comps": [
                    0.0,
                    -0.0
                ],
                "intensity": 2.72773562,
                "sigma": 0.16048498
            },
            "gaussian_5": {
                "type": "autogalaxy.profiles.light.standard.gaussian.Gaussian",
                "centre": [
                    -0.00361289,
                    -0.00636064
                ],
                "ell_comps": [
                    0.25367341,
                    -0.15141799
                ],
                "intensity": 1.10429021,
                "sigma": 0.13531624
            },
            "gaussian_6": {
                "type": "autogalaxy.profiles.light.standard.gaussian.Gaussian",
                "centre": [
                    -0.00361289,
                    -0.00636064
                ],
                "ell_comps": [
                    0.01677313,
                    0.01464508
                ],
                "intensity": 1.08190372,
                "sigma": 0.25649938
            },
            "gaussian_7": {
                "type": "autogalaxy.profiles.light.standard.gaussian.Gaussian",
                "centre": [
                    -0.00361289,
                    -0.00636064
                ],
                "ell_comps": [
                    0.03626733,
                    0.03084128
                ],
                "intensity": 0.30007753,
                "sigma": 0.46096968
            },
            "gaussian_8": {
                "type": "autogalaxy.profiles.light.standard.gaussian.Gaussian",
                "centre": [
                    -0.00361289,
                    -0.00636064
                ],
                "ell_comps": [
                    0.15887384,
                    -0.17983965
                ],
                "intensity": 0.6462658,
                "sigma": 0.34492195
            },
            "gaussian_9": {
                "type": "autogalaxy.profiles.light.standard.gaussian.Gaussian",
                "centre": [
                    -0.00361289,
                    -0.00636064
                ],
                "ell_comps": [
                    0.02790297,
                    0.02215257
                ],
                "intensity": 0.15766566,
                "sigma": 0.92418119
            },
            "gaussian_10": {
                "type": "autogalaxy.profiles.light.standard.gaussian.Gaussian",
                "centre": [
                    -0.00361289,
                    -0.00636064
                ],
                "ell_comps": [
                    0.12368768,
                    -0.16271084
                ],
                "intensity": 0.24687923,
                "sigma": 0.71803244
            },
            "gaussian_11": {
                "type": "autogalaxy.profiles.light.standard.gaussian.Gaussian",
                "centre": [
                    -0.00361289,
                    -0.00636064
                ],
                "ell_comps": [
                    0.38624915,
                    -0.15945967
                ],
                "intensity": 0.04815128,
                "sigma": 1.23547346
            },
            "gaussian_12": {
                "type": "autogalaxy.profiles.light.standard.gaussian.Gaussian",
                "centre": [
                    -0.00361289,
                    -0.00636064
                ],
                "ell_comps": [
                    -0.10490247,
                    -0.3969543
                ],
                "intensity": 0.02559108,
                "sigma": 1.2574071
            },
            "gaussian_13": {
                "type": "autogalaxy.profiles.light.standard.gaussian.Gaussian",
                "centre": [
                    -0.00361289,
                    -0.00636064
                ],
                "ell_comps": [
                    0.0385585,
                    -0.03808391
                ],
                "intensity": 0.06763223,
                "sigma": 2.69979461
            },
            "type": "autogalaxy.galaxy.galaxy.Galaxy",
            "redshift": 0.5
        }
    ],
    "redshift": 0.5,
    "run_time_dict": null
}