id,bulge_effective_radius_max_lh_max_lh
539f11177df7c7942cadb32e1a3cbd5e,5.507912322414561
0c98ec4d6f88be6c8f8a725851b96b4a,0.9820131832809886
