id,bulge_sersic_index_x2_computed
539f11177df7c7942cadb32e1a3cbd5e,6.3474537660662325
0c98ec4d6f88be6c8f8a725851b96b4a,3.1532551722230324
